/work/06262/zzz/benchmarking/all_states/klee-out-64, readlink, 31
/work/06262/zzz/benchmarking/all_states/klee-out-22, env, 2961
/work/06262/zzz/benchmarking/all_states/klee-out-39, basename, 80
/work/06262/zzz/benchmarking/all_states/klee-out-29, date, 72
/work/06262/zzz/benchmarking/all_states/klee-out-67, true, 1369
/work/06262/zzz/benchmarking/all_states/klee-out-99, hostid, 10667
/work/06262/zzz/benchmarking/all_states/klee-out-49, tac, 330
/work/06262/zzz/benchmarking/all_states/klee-out-63, od, 413
/work/06262/zzz/benchmarking/all_states/klee-out-61, pathchk, 656
/work/06262/zzz/benchmarking/all_states/klee-out-94, csplit, 5
/work/06262/zzz/benchmarking/all_states/klee-out-43, cat, 2254
/work/06262/zzz/benchmarking/all_states/klee-out-11, md5sum, 1239
/work/06262/zzz/benchmarking/all_states/klee-out-41, dircolors, 5241
/work/06262/zzz/benchmarking/all_states/klee-out-74, id, 66
/work/06262/zzz/benchmarking/all_states/klee-out-35, b2sum, 2353
/work/06262/zzz/benchmarking/all_states/klee-out-68, mv, 5593
/work/06262/zzz/benchmarking/all_states/klee-out-92, runcon, 884
/work/06262/zzz/benchmarking/all_states/klee-out-60, chown, 4249
/work/06262/zzz/benchmarking/all_states/klee-out-51, sha224sum, 54
/work/06262/zzz/benchmarking/all_states/klee-out-10, chmod, 4310
/work/06262/zzz/benchmarking/all_states/klee-out-31, dirname, 2616
/work/06262/zzz/benchmarking/all_states/klee-out-5, make-prime-list, 3943
/work/06262/zzz/benchmarking/all_states/klee-out-72, sha384sum, 42
/work/06262/zzz/benchmarking/all_states/klee-out-78, du, 438
/work/06262/zzz/benchmarking/all_states/klee-out-100, basenc, 484
/work/06262/zzz/benchmarking/all_states/klee-out-38, base32, 5258
/work/06262/zzz/benchmarking/all_states/klee-out-103, shred, 10083
/work/06262/zzz/benchmarking/all_states/klee-out-24, expand, 183
/work/06262/zzz/benchmarking/all_states/klee-out-87, numfmt, 410
/work/06262/zzz/benchmarking/all_states/klee-out-76, ln, 5267
/work/06262/zzz/benchmarking/all_states/klee-out-27, du, 353
/work/06262/zzz/benchmarking/all_states/klee-out-95, base64, 946
/work/06262/zzz/benchmarking/all_states/klee-out-52, tee, 2790
/work/06262/zzz/benchmarking/all_states/klee-out-36, basenc, 789
/work/06262/zzz/benchmarking/all_states/klee-out-45, echo, 145
/work/06262/zzz/benchmarking/all_states/klee-out-70, users, 4056
/work/06262/zzz/benchmarking/all_states/klee-out-62, [, 28
/work/06262/zzz/benchmarking/all_states/klee-out-48, dir, 2021
/work/06262/zzz/benchmarking/all_states/klee-out-84, paste, 2569
/work/06262/zzz/benchmarking/all_states/klee-out-12, fold, 201
/work/06262/zzz/benchmarking/all_states/klee-out-42, csplit, 3054
/work/06262/zzz/benchmarking/all_states/klee-out-65, sha512sum, 256
/work/06262/zzz/benchmarking/all_states/klee-out-54, join, 2860
/work/06262/zzz/benchmarking/all_states/klee-out-88, rmdir, 129
/work/06262/zzz/benchmarking/all_states/klee-out-59, chcon, 3247
/work/06262/zzz/benchmarking/all_states/klee-out-79, realpath, 113
/work/06262/zzz/benchmarking/all_states/klee-out-50, getlimits, 67
/work/06262/zzz/benchmarking/all_states/klee-out-66, md5sum, 369
/work/06262/zzz/benchmarking/all_states/klee-out-102, unexpand, 4144
/work/06262/zzz/benchmarking/all_states/klee-out-13, false, 872
/work/06262/zzz/benchmarking/all_states/klee-out-32, chown, 16
/work/06262/zzz/benchmarking/all_states/klee-out-91, mkfifo, 3723
/work/06262/zzz/benchmarking/all_states/klee-out-7, join, 450
/work/06262/zzz/benchmarking/all_states/klee-out-82, whoami, 3822
/work/06262/zzz/benchmarking/all_states/klee-out-101, chmod, 10516
/work/06262/zzz/benchmarking/all_states/klee-out-77, dd, 2365
/work/06262/zzz/benchmarking/all_states/klee-out-106, pr, 3144
/work/06262/zzz/benchmarking/all_states/klee-out-9, logname, 4149
/work/06262/zzz/benchmarking/all_states/klee-out-98, cksum, 4150
/work/06262/zzz/benchmarking/all_states/klee-out-90, nproc, 5583
/work/06262/zzz/benchmarking/all_states/klee-out-73, tty, 4488
/work/06262/zzz/benchmarking/all_states/klee-out-0, kill, 1206
/work/06262/zzz/benchmarking/all_states/klee-out-97, echo, 157
/work/06262/zzz/benchmarking/all_states/klee-out-80, sha1sum, 2714
/work/06262/zzz/benchmarking/all_states/klee-out-14, ln, 114
/work/06262/zzz/benchmarking/all_states/klee-out-3, link, 1076
/work/06262/zzz/benchmarking/all_states/klee-out-18, factor, 481
/work/06262/zzz/benchmarking/all_states/klee-out-105, dir, 1285
/work/06262/zzz/benchmarking/all_states/klee-out-8, cut, 14
/work/06262/zzz/benchmarking/all_states/klee-out-33, dd, 52
/work/06262/zzz/benchmarking/all_states/klee-out-26, expr, 69
/work/06262/zzz/benchmarking/all_states/klee-out-44, chcon, 2258
/work/06262/zzz/benchmarking/all_states/klee-out-69, sha256sum, 44
/work/06262/zzz/benchmarking/all_states/klee-out-17, mkfifo, 54
/work/06262/zzz/benchmarking/all_states/klee-out-86, basename, 106
/work/06262/zzz/benchmarking/all_states/klee-out-46, cksum, 364
/work/06262/zzz/benchmarking/all_states/klee-out-2, mkdir, 4102
/work/06262/zzz/benchmarking/all_states/klee-out-6, [, 64
/work/06262/zzz/benchmarking/all_states/klee-out-57, unlink, 158
/work/06262/zzz/benchmarking/all_states/klee-out-47, df, 2
/work/06262/zzz/benchmarking/all_states/klee-out-40, cp, 3025
/work/06262/zzz/benchmarking/all_states/klee-out-71, ptx, 246
/work/06262/zzz/benchmarking/all_states/klee-out-23, ls, 194
/work/06262/zzz/benchmarking/all_states/klee-out-34, chroot, 64
/work/06262/zzz/benchmarking/all_states/klee-out-93, pinky, 640
/work/06262/zzz/benchmarking/all_states/klee-out-19, getlimits, 465
/work/06262/zzz/benchmarking/all_states/klee-out-20, id, 990
/work/06262/zzz/benchmarking/all_states/klee-out-96, dirname, 7491
/work/06262/zzz/benchmarking/all_states/klee-out-89, groups, 1906
/work/06262/zzz/benchmarking/all_states/klee-out-81, stty, 2091
/work/06262/zzz/benchmarking/all_states/klee-out-37, base64, 83
/work/06262/zzz/benchmarking/all_states/klee-out-21, fmt, 182
/work/06262/zzz/benchmarking/all_states/klee-out-28, chgrp, 865
/work/06262/zzz/benchmarking/all_states/klee-out-104, who, 1278
/work/06262/zzz/benchmarking/all_states/klee-out-53, df, 225
/work/06262/zzz/benchmarking/all_states/klee-out-25, hostid, 3536
/work/06262/zzz/benchmarking/all_states/klee-out-55, link, 28
/work/06262/zzz/benchmarking/all_states/klee-out-1, mknod, 4133
/work/06262/zzz/benchmarking/all_states/klee-out-58, printf, 286
/work/06262/zzz/benchmarking/all_states/klee-out-16, groups, 1515
/work/06262/zzz/benchmarking/all_states/klee-out-4, ginstall, 4089
/work/06262/zzz/benchmarking/all_states/klee-out-15, head, 201
/work/06262/zzz/benchmarking/all_states/klee-out-30, comm, 4
/work/06262/zzz/benchmarking/all_states/klee-out-85, tail, 2780
/work/06262/zzz/benchmarking/all_states/klee-out-75, sleep, 2831
/work/06262/zzz/benchmarking/all_states/klee-out-83, uptime, 4495
/work/06262/zzz/benchmarking/all_states/klee-out-56, cut, 48
