/work/06262/zzz/benchmarking/only_covering_new/klee-out-64, who, 9
/work/06262/zzz/benchmarking/only_covering_new/klee-out-22, printenv, 8
/work/06262/zzz/benchmarking/only_covering_new/klee-out-39, factor, 15
/work/06262/zzz/benchmarking/only_covering_new/klee-out-29, sha512sum, 8
/work/06262/zzz/benchmarking/only_covering_new/klee-out-67, stty, 7
/work/06262/zzz/benchmarking/only_covering_new/klee-out-99, chgrp, 9
/work/06262/zzz/benchmarking/only_covering_new/klee-out-49, rmdir, 9
/work/06262/zzz/benchmarking/only_covering_new/klee-out-63, base64, 15
/work/06262/zzz/benchmarking/only_covering_new/klee-out-61, mkdir, 14
/work/06262/zzz/benchmarking/only_covering_new/klee-out-94, join, 14
/work/06262/zzz/benchmarking/only_covering_new/klee-out-43, fold, 8
/work/06262/zzz/benchmarking/only_covering_new/klee-out-11, kill, 13
/work/06262/zzz/benchmarking/only_covering_new/klee-out-41, whoami, 9
/work/06262/zzz/benchmarking/only_covering_new/klee-out-74, basename, 11
/work/06262/zzz/benchmarking/only_covering_new/klee-out-35, sleep, 7
/work/06262/zzz/benchmarking/only_covering_new/klee-out-68, df, 8
/work/06262/zzz/benchmarking/only_covering_new/klee-out-92, env, 13
/work/06262/zzz/benchmarking/only_covering_new/klee-out-60, date, 13
/work/06262/zzz/benchmarking/only_covering_new/klee-out-51, yes, 5
/work/06262/zzz/benchmarking/only_covering_new/klee-out-10, chroot, 15
/work/06262/zzz/benchmarking/only_covering_new/klee-out-31, getlimits, 3
/work/06262/zzz/benchmarking/only_covering_new/klee-out-5, shuf, 16
/work/06262/zzz/benchmarking/only_covering_new/klee-out-72, runcon, 3
/work/06262/zzz/benchmarking/only_covering_new/klee-out-78, uptime, 11
/work/06262/zzz/benchmarking/only_covering_new/klee-out-100, touch, 9
/work/06262/zzz/benchmarking/only_covering_new/klee-out-38, paste, 6
/work/06262/zzz/benchmarking/only_covering_new/klee-out-103, du, 15
/work/06262/zzz/benchmarking/only_covering_new/klee-out-24, realpath, 29
/work/06262/zzz/benchmarking/only_covering_new/klee-out-87, ln, 13
/work/06262/zzz/benchmarking/only_covering_new/klee-out-76, pr, 8
/work/06262/zzz/benchmarking/only_covering_new/klee-out-27, pinky, 2
/work/06262/zzz/benchmarking/only_covering_new/klee-out-95, tr, 14
/work/06262/zzz/benchmarking/only_covering_new/klee-out-52, expr, 4
/work/06262/zzz/benchmarking/only_covering_new/klee-out-36, comm, 14
/work/06262/zzz/benchmarking/only_covering_new/klee-out-45, head, 9
/work/06262/zzz/benchmarking/only_covering_new/klee-out-70, groups, 14
/work/06262/zzz/benchmarking/only_covering_new/klee-out-62, tsort, 16
/work/06262/zzz/benchmarking/only_covering_new/klee-out-48, make-prime-list, 7
/work/06262/zzz/benchmarking/only_covering_new/klee-out-84, printf, 12
/work/06262/zzz/benchmarking/only_covering_new/klee-out-12, chown, 9
/work/06262/zzz/benchmarking/only_covering_new/klee-out-42, logname, 14
/work/06262/zzz/benchmarking/only_covering_new/klee-out-65, mkfifo, 9
/work/06262/zzz/benchmarking/only_covering_new/klee-out-54, b2sum, 8
/work/06262/zzz/benchmarking/only_covering_new/klee-out-88, link, 9
/work/06262/zzz/benchmarking/only_covering_new/klee-out-59, base32, 16
/work/06262/zzz/benchmarking/only_covering_new/klee-out-79, tail, 6
/work/06262/zzz/benchmarking/only_covering_new/klee-out-50, false, 6
/work/06262/zzz/benchmarking/only_covering_new/klee-out-66, shred, 611
/work/06262/zzz/benchmarking/only_covering_new/klee-out-102, sort, 8
/work/06262/zzz/benchmarking/only_covering_new/klee-out-13, uniq, 11
/work/06262/zzz/benchmarking/only_covering_new/klee-out-32, rm, 15
/work/06262/zzz/benchmarking/only_covering_new/klee-out-91, truncate, 5
/work/06262/zzz/benchmarking/only_covering_new/klee-out-7, dircolors, 16
/work/06262/zzz/benchmarking/only_covering_new/klee-out-82, sync, 8
/work/06262/zzz/benchmarking/only_covering_new/klee-out-101, sum, 9
/work/06262/zzz/benchmarking/only_covering_new/klee-out-77, cut, 2
/work/06262/zzz/benchmarking/only_covering_new/klee-out-106, mv, 9
/work/06262/zzz/benchmarking/only_covering_new/klee-out-9, expand, 9
/work/06262/zzz/benchmarking/only_covering_new/klee-out-98, fmt, 8
/work/06262/zzz/benchmarking/only_covering_new/klee-out-90, id, 9
/work/06262/zzz/benchmarking/only_covering_new/klee-out-73, cksum, 5
/work/06262/zzz/benchmarking/only_covering_new/klee-out-0, cat, 9
/work/06262/zzz/benchmarking/only_covering_new/klee-out-97, tac, 5
/work/06262/zzz/benchmarking/only_covering_new/klee-out-80, pathchk, 11
/work/06262/zzz/benchmarking/only_covering_new/klee-out-14, sha384sum, 5
/work/06262/zzz/benchmarking/only_covering_new/klee-out-3, test, 14
/work/06262/zzz/benchmarking/only_covering_new/klee-out-18, sha1sum, 5
/work/06262/zzz/benchmarking/only_covering_new/klee-out-105, dd, 11
/work/06262/zzz/benchmarking/only_covering_new/klee-out-8, mktemp, 13
/work/06262/zzz/benchmarking/only_covering_new/klee-out-33, ginstall, 15
/work/06262/zzz/benchmarking/only_covering_new/klee-out-26, echo, 7
/work/06262/zzz/benchmarking/only_covering_new/klee-out-44, ls, 12
/work/06262/zzz/benchmarking/only_covering_new/klee-out-69, numfmt, 8
/work/06262/zzz/benchmarking/only_covering_new/klee-out-17, tty, 9
/work/06262/zzz/benchmarking/only_covering_new/klee-out-86, cp, 15
/work/06262/zzz/benchmarking/only_covering_new/klee-out-46, mknod, 14
/work/06262/zzz/benchmarking/only_covering_new/klee-out-2, timeout, 16
/work/06262/zzz/benchmarking/only_covering_new/klee-out-6, seq, 13
/work/06262/zzz/benchmarking/only_covering_new/klee-out-57, nice, 13
/work/06262/zzz/benchmarking/only_covering_new/klee-out-47, stat, 8
/work/06262/zzz/benchmarking/only_covering_new/klee-out-40, nohup, 15
/work/06262/zzz/benchmarking/only_covering_new/klee-out-71, basenc, 2
/work/06262/zzz/benchmarking/only_covering_new/klee-out-23, unexpand, 6
/work/06262/zzz/benchmarking/only_covering_new/klee-out-34, dirname, 6
/work/06262/zzz/benchmarking/only_covering_new/klee-out-93, true, 6
/work/06262/zzz/benchmarking/only_covering_new/klee-out-19, ptx, 8
/work/06262/zzz/benchmarking/only_covering_new/klee-out-20, sha256sum, 7
/work/06262/zzz/benchmarking/only_covering_new/klee-out-96, md5sum, 6
/work/06262/zzz/benchmarking/only_covering_new/klee-out-89, chcon, 9
/work/06262/zzz/benchmarking/only_covering_new/klee-out-81, tee, 5
/work/06262/zzz/benchmarking/only_covering_new/klee-out-37, hostid, 9
/work/06262/zzz/benchmarking/only_covering_new/klee-out-21, [, 6
/work/06262/zzz/benchmarking/only_covering_new/klee-out-28, csplit, 9
/work/06262/zzz/benchmarking/only_covering_new/klee-out-104, readlink, 8
/work/06262/zzz/benchmarking/only_covering_new/klee-out-53, uname, 14
/work/06262/zzz/benchmarking/only_covering_new/klee-out-25, users, 12
/work/06262/zzz/benchmarking/only_covering_new/klee-out-55, stdbuf, 5
/work/06262/zzz/benchmarking/only_covering_new/klee-out-1, split, 8
/work/06262/zzz/benchmarking/only_covering_new/klee-out-58, nl, 8
/work/06262/zzz/benchmarking/only_covering_new/klee-out-16, dir, 9
/work/06262/zzz/benchmarking/only_covering_new/klee-out-4, wc, 10
/work/06262/zzz/benchmarking/only_covering_new/klee-out-15, chmod, 9
/work/06262/zzz/benchmarking/only_covering_new/klee-out-30, sha224sum, 5
/work/06262/zzz/benchmarking/only_covering_new/klee-out-85, unlink, 9
/work/06262/zzz/benchmarking/only_covering_new/klee-out-75, nproc, 14
/work/06262/zzz/benchmarking/only_covering_new/klee-out-83, od, 5
/work/06262/zzz/benchmarking/only_covering_new/klee-out-56, pwd, 5
